issue_key,non_resp_speaker,non_resp_position,non_resp_ministry,non_resp_role,non_resp_score,non_resp_attitude_tags,non_resp_speech_text,resp_speaker,resp_position,resp_score,resp_attitude_tags,resp_speech_text,speech_order_distance,date,session
第2号_2024-12-18,東国幹,財務大臣政務官,財務省,大臣政務官,2,"DEFER,EXPLAIN","御指摘のマクロ経済スライドの早期終了については、社会保障審議会年金部会において実施の是非も含めて現在御議論をいただいているものと承知しており、財務省としては、仮定の御質問には予断を持って答えることは差し控えたいと考えております。
　以上です。",福岡資麿,厚生労働大臣,3,EXPLAIN,"まさに、財源も含めて年金部会において今御検討をいただいているというふうに承知をしています。
　その上で、先ほどおっしゃいました、なぜ年金部会とかにも資料を示さなかったかということでいいますと、現行制度より増加する国庫負担の必要性を確認すること等を目的として作ったものでございまして、そういう意味では、基礎年金の国庫負担割合二分の一につきましては維持する前提で年金部会の資料においても財源確保の必要性をお示ししているということでございまして、そのような理解でございます。",2,2024-12-18,216
第2号_2024-12-18,東国幹,財務大臣政務官,財務省,大臣政務官,4,"POSITIVE,CONSIDER","人手不足への対応が急務となる中、年収の壁を意識せずに働く時間を延長することができる環境づくりを後押しするため、それぞれの制度における対応が重要であるというふうには考えております。
　税制面では、いわゆる百三万円の壁の見直しを含む令和七年度税制改正については、その具体的な実施方法等を含め、現在、与党税制調査会において議論をなされているものと承知をしているところでございます。
　政府としては、与党での議論を踏まえ、適切に対応してまいりたいと考えております。
　以上です。",福岡資麿,厚生労働大臣,2,CONSIDER,収入の要件によってそこの就業を抑制したり調整したりされる、そういった問題についてはセットで考えていく必要があるかと思いますが、先ほども言いましたように、税と社会保険制度では制度の目的や設計というものが異なりますから、そういったことも踏まえた議論が必要だというふうに考えております。,2,2024-12-18,216
第2号_2024-12-18,西野太亮,内閣府大臣政務官,内閣府,大臣政務官,3,EXPLAIN,"今委員から御指摘いただきました健康危機管理庁でございますけれども、令和三年、自民党総裁選の際に、当時、総裁候補でございました岸田前総理が、公衆衛生上の危機発生時に国、地方を通じた強い司令塔機能を有する組織が必要だという問題意識を念頭に、公約として提言されたものというふうに承知しております。
　令和五年の通常国会におきまして、内閣感染症危機管理統括庁の創設などを内容とします新型インフルエンザ等対策特別措置法及び内閣法の一部を改正する法律案を審議する際に、岸田前総理より、広く公衆衛生といっても、感染症対策が念頭にあったことは間違いなく、内閣感染症危機管理統括庁は私が訴えていた公約を具体化したもので",福岡資麿,厚生労働大臣,5,"POSITIVE,EXPLAIN","御指摘のとおり、感染症対策は平時からの備えが重要でございまして、御指摘の有事を想定した教育訓練の取組というのは欠かせないものであるというふうに認識をしております。
　このため、感染症危機管理対応訓練といたしまして、関係省庁対策会議におきまして感染情報を共有し、政府対策本部会合において総理から各閣僚への指示、さらに、厚生労働省対策本部において、総理指示を共有し、今後の対応方針を確認するなど、政府を挙げて取り組んでいるところでございます。
　厚生労働省対策本部は、厚生労働大臣であります私が省内の政務や部局長などの職員を参集して実施するものでございまして、今年度は、新規感染症が発生した際の初動対応な",2,2024-12-18,216
第2号_2024-12-18,西野太亮,内閣府大臣政務官,内閣府,大臣政務官,4,"EXPLAIN,POSITIVE","福岡大臣と重複する部分があるかもしれませんけれども、統括庁としてもお答え申し上げます。
　感染症危機に関する教育訓練といたしましては、昨年九月に内閣感染症危機管理統括庁が設置されましたけれども、それに伴いまして、感染症危機管理対応訓練として、従来から実施しておりました訓練に加え、都道府県や国立感染症研究所などにも御参加いただく形で訓練を加えさせていただいております。今年度につきましても、先日、十一月に一連の訓練を行ったところでございます。こうした訓練には、その種別に応じて、赤澤大臣を含め政務三役も参加させていただいているところでございます。
　それに加えまして、感染症危機に携わる者の資格向上を",福岡資麿,厚生労働大臣,5,"POSITIVE,EXPLAIN","御指摘のとおり、感染症対策は平時からの備えが重要でございまして、御指摘の有事を想定した教育訓練の取組というのは欠かせないものであるというふうに認識をしております。
　このため、感染症危機管理対応訓練といたしまして、関係省庁対策会議におきまして感染情報を共有し、政府対策本部会合において総理から各閣僚への指示、さらに、厚生労働省対策本部において、総理指示を共有し、今後の対応方針を確認するなど、政府を挙げて取り組んでいるところでございます。
　厚生労働省対策本部は、厚生労働大臣であります私が省内の政務や部局長などの職員を参集して実施するものでございまして、今年度は、新規感染症が発生した際の初動対応な",1,2024-12-18,216
第2号_2024-12-18,西野太亮,内閣府大臣政務官,内閣府,大臣政務官,4,POSITIVE,"先ほど答弁申し上げましたとおり、政務三役及び職員の教育訓練につきましては、様々な方法で取り組んでいるところでございます。こうした教育訓練を通じて、職員の間で、あるいは政務も含めて共通知識を深めていく、もっと言えば共通言語を習得していく、こうしたことに努めていきたいというふうに思っております。
　それから、御指摘のありました知識基盤の整備というところにつきましては、研修資材の充実に向けた取組を進めているところでございまして、日々の業務遂行に生かすとともに、有事への対応能力を向上させるために、現場視察あるいは講座、こうしたことを実施していって、引き続き、職員一人一人の専門的な知見の向上に取り組んで",福岡資麿,厚生労働大臣,5,"POSITIVE,EXPLAIN","御指摘のとおり、感染症対策は平時からの備えが重要でございまして、御指摘の有事を想定した教育訓練の取組というのは欠かせないものであるというふうに認識をしております。
　このため、感染症危機管理対応訓練といたしまして、関係省庁対策会議におきまして感染情報を共有し、政府対策本部会合において総理から各閣僚への指示、さらに、厚生労働省対策本部において、総理指示を共有し、今後の対応方針を確認するなど、政府を挙げて取り組んでいるところでございます。
　厚生労働省対策本部は、厚生労働大臣であります私が省内の政務や部局長などの職員を参集して実施するものでございまして、今年度は、新規感染症が発生した際の初動対応な",4,2024-12-18,216
第2号_2024-12-18,西野太亮,内閣府大臣政務官,内閣府,大臣政務官,4,"EXPLAIN,CONSIDER","まず、統括庁の役割の確認ですけれども、統括庁は、こうしたＮＢＣを使った事態のうち、生物兵器を用いたバイオテロの場合であって、かつ感染症危機の様相を帯びている場合に、内閣危機管理監などと連携して事態に当たるということを任務としているというふうに承知しております。
　統括庁は、今委員御指摘の二つの部隊とはこれまでのところ直接の接点はございませんけれども、御指摘のような教育訓練について、自衛隊においてどのような教育訓練を日頃から実施されているのか、こうしたことを把握して、そうしたことを踏まえた上で、防衛省とどのような連携が可能なのかということを考えていきたいというふうに思っています。",福岡資麿,厚生労働大臣,4,"POSITIVE,CONSIDER","陸上自衛隊対特殊武器衛生隊は、生物剤感染者の応急措置を実施する部隊でございまして、新型コロナウイルス感染症発生時も御支援いただいたというふうに承知をしております。また、陸上自衛隊中央特殊武器防護隊は、主にＮＢＣ事態に対応するために設置された部隊であると承知しています。
　このため、今後の感染症有事においても陸上自衛隊の各部隊との連携した対応が想定され得ることから、内閣感染症危機管理統括庁や防衛省等と協力して、連携した訓練の実施の在り方について検討してまいりたいと存じます。",1,2024-12-18,216
第2号_2024-12-18,西野太亮,内閣府大臣政務官,内閣府,大臣政務官,5,"POSITIVE,EXPLAIN","感染症危機への備えとして、平時からの訓練、教育というのは非常に重要なことだというふうに考えておりまして、そのための予算確保は重要でございます。
　統括庁といたしましては、令和六年度の訓練、研修関連の経費として約八千万円を計上しております。統括庁全体の予算は約四億八千万でございますので、そのうちの約一八％を占めているということでございます。",福岡資麿,厚生労働大臣,4,"EXPLAIN,POSITIVE","厚生労働省では、平時には主に健康・生活衛生局感染症対策部の職員が感染症に係る業務に携わっておりますが、感染症有事においては他の部局の職員もサージキャパシティーとして感染症対応を行うことを想定して、体制を整備してございます。職員に対します感染症危機管理に関する教育訓練についても、感染症対策部の職員に対する比較的専門性の高いものに加えて、サージキャパシティーとなる職員等に対しても広く実施しているところでございます。
　こうした職員に対する座学や実践形式での教育訓練は、全て通常業務の一環として行っております。このため、特に感染症対策部における教育訓練に要する費用は予算上特別に切り分けて計上しておらず",1,2024-12-18,216
第2号_2024-12-18,今井絵理子,内閣府大臣政務官・復興大臣政務官,内閣府/復興省,大臣政務官,4,"POSITIVE,EXPLAIN","まずは、震災でお亡くなりになられた方々に心より御冥福を申し上げます。
　その上で、災害関連死の要因についてなんですけれども、これまで関連死と認定された方は、能登半島のときは、八十代以上の方が全体の約八割を占めて、死因については呼吸器系や循環器系疾患による方が多く見られ、また、基礎疾患を抱える方が震災による環境の変化やストレス等により亡くなられるケースが多かったところです。
　発災当初から、医師や保健師等による避難者への支援や、また、ホテル、旅館などの安全で快適な場所への二次避難に取り組んでおりましたが、今後、フェーズが変わっておりますので、更に、仮設住宅等での入居者の見守り、健康観察、またデイ",福岡資麿,厚生労働大臣,4,POSITIVE,"介護職は他産業と比較して元々有効求人倍率が高く、それが、昨今の賃上げで先行する他産業との人材の引き合いとなっている状況にあるというふうに考えております。
　今後また高齢者の方々が増加することであったり、生産年齢人口の減少が進む中で、将来にわたって必要な介護サービスを安心して受けられるように、担い手を確保していくということは極めて喫緊の課題だというふうに認識をしています。
　このため、介護人材の確保に向けては、累次の処遇改善を行うことを始め、ＩＣＴや介護ロボットといったテクノロジーを活用した、ちょっと余り好きじゃないかもしれないですが、生産性を向上する、要は効率を上げていくという取組をやっていく",2,2024-12-18,216
第2号_2024-12-18,東国幹,財務大臣政務官,財務省,大臣政務官,4,"CONSIDER,EXPLAIN","生活扶助基準については、従来、一般低所得者世帯の消費水準との均衡を図るよう設定をされておりまして、先月に取りまとめられた財政制度等審議会の建議においても、こうした観点から、現行の基準額について、臨時的、特例的対応によって令和四年度以前の基準額を保障していること等により、一般低所得者世帯の消費実態との間で不均衡が生じているとの指摘がなされているものと承知をしております。
　財務省としては、令和七年度以降の生活扶助基準については、骨太方針二〇二四において、社会経済情勢等を踏まえた必要な対応を行うというふうにされておりまして、それを踏まえ、引き続き、予算編成過程において、制度を所管する厚生労働省とよ",福岡資麿,厚生労働大臣,4,"POSITIVE,EXPLAIN","まず、マイナ保険証は、本人の健康医療情報を活用した適切な医療の提供に大きく寄与するものでございますから、その利用を促進することは大変重要であるというふうに考えておりまして、そういった観点から、十二月二日にマイナ保険証を基本とする仕組みへと移行したところでございます。
　その上で、マイナンバーカードと一緒にマイナポータルの資格情報画面や資格情報のお知らせ等を提示いただくといった資格確認方法は、何らかの事情でオンライン資格確認が行えない場合でも、十割の全額自己負担をせずに、三割等の適切な自己負担で円滑に保険診療を受けられる方法として整理をしたものでございます。
　マイナ保険証の取得自体は任意である",2,2024-12-18,216
第26号_2025-06-18,武部新,文部科学副大臣,文部科学省,副大臣,2,"EXPLAIN,DEFER,POSITIVE","お尋ねの件につきまして、現在、東京大学において事実関係について調査を進めているとともに、現時点において、東京大学に訴状は接到していない状況と承知しております。
　また、報道されている教員については、既に大学において、学内の様々な委員会の委員や診療科長の役職から外し、学生の教育指導にも従事させていない旨の報告を受けております。
　文部科学省としては、大学において適切な対応を図るよう要請しておりまして、引き続き、今後も状況を注視しつつ、必要に応じてしっかり助言、指導を行ってまいります。",福岡資麿,厚生労働大臣,4,"EXPLAIN,POSITIVE","診断書における日常生活能力の判断に当たりましても、特定の行為ができるかどうかではなく総合的に判断することとしておりますが、例えば主治医向けの診断書の記載要綱において、身辺の清潔保持につきましては、診断書における、自発的にできるが時には助言や指導を必要とすることとは、身体の清潔を保つことがある程度自主的に行える場合であったり、回数は少ないが大体は自室の清掃や片づけが自主的に行える場合といった例をお示しし、個々の請求者の状態を踏まえた総合的な判断を行うこととしているところでございます。
　こういった例示とかをもっと分かりやすくするというようなことも含めて、できる限り客観的な判断が行われるように努め",8,2025-06-18,217
第25号_2025-06-06,古川直季,総務大臣政務官,総務省,大臣政務官,4,"POSITIVE,CONSIDER,EXPLAIN","お答えさせていただきます。
　総務省では、自治体病院が不採算医療や特殊医療などの地域医療にとって重要な役割を担っていることを踏まえ、これまでも必要な地方財政措置を講じてまいりました。しかし、自治体病院は、今長谷川委員がおっしゃるように、現在、物価高騰や人件費の増加、医師、看護師等の不足、人口減少などを背景とする厳しい経営環境に置かれていると認識しております。このような状況や自治体病院の実態を踏まえ、普通交付税の病床割の単価について検討してまいります。
　また、令和七年度においては、不採算地域における医療提供体制を確保するため、不採算地区病院等への特別交付税措置の基準額の三〇％引上げを継続してお",福岡資麿,厚生労働大臣,5,"POSITIVE,COMMIT","昨年一年間の出生数は過去最少の六十八万六千六十一人、合計特殊出生率は一・一五と、少子化に歯止めがかかっていない状況に私としても危機感を感じておりまして、重く受け止めなければならないと感じています。
　こうした中で、妊産婦への更なる支援の強化についてスピード感を持って実現していくことが極めて重要でございまして、私としても、こども家庭庁と連携して、省庁の垣根を越えて対応していく必要があると考えています。
　本日の朝開催されましたこども政策推進会議におきまして、総理からは、標準的な出産費用の自己負担無償化と安全で質の高い周産期医療の確保を進めるよう指示を受けたところでございます。
　令和八年度を目途",8,2025-06-06,217
第23号_2025-05-30,本田太郎,防衛副大臣・内閣府副大臣,防衛省/内閣府,副大臣,4,"POSITIVE,EXPLAIN,REFUSE","お答えいたします。
　米軍施設・区域については、これまでも様々な形で整理、統合、縮小の努力を積み重ねてきたところでありまして、沖縄が本土に復帰した一九七二年以降では、返還面積が最も大きいものは北部訓練場の過半である約四千ヘクタールです。
　米軍施設・区域の土地の返還は、基地負担軽減のため全力で取り組んでいるところであります。お尋ねのありました政治的な意味につきましては、防衛省の立場から申し上げることは厳しいという点を御理解いただきたいと思います。
　その上で、沖縄県の資料に基づき、経済効果や雇用誘発の観点から大きい意義があった返還事例について申し上げますと、桑江、北前地区にあったハンビー飛行場",福岡資麿,厚生労働大臣,1,"EXPLAIN,REFUSE","委員の問題意識については理解をさせていただいた上で、当方の考え方を述べさせていただければ、予防接種法上の定期接種というのは、公衆衛生上の見地から実施するものでございます。
　新型コロナワクチンにつきましても、審議会における議論等を踏まえまして、令和六年度から、重症化予防を目的として高齢者等を対象に定期接種化し、費用負担につきましては、自己負担の急激な増加を避ける観点から、八千三百円の助成を実施することにした。図で示していただいたとおりでございます。
　その上で、令和七年度につきましては、他のワクチンと同様に、接種費用の助成を終了することとし、低所得者分の接種費用について地方財政措置を講ずること",4,2025-05-30,217
第23号_2025-05-30,本田太郎,防衛副大臣・内閣府副大臣,防衛省/内閣府,副大臣,3,EXPLAIN,"お答えいたします。
　前線における輸血につきましては、通常の医療機関で行うような血液型を合わせた輸血が困難な状況下で行われることとなるために、単純、安全かつ迅速に輸血を行える低力価Ｏ型全血液を確保する方針としています。
　防衛省においては、隊員から採血した医療施設と、それとは異なる前線等での場所で当該血液を他の隊員に輸血する行為を広義の隊員間輸血と定義をしています。なお、医療施設内で採血された血液を、同一医療施設内において他の隊員に輸血する行為を狭義の隊員間輸血と定義をしています。",福岡資麿,厚生労働大臣,3,EXPLAIN,"済みません、厚生労働省として何をしているのかというお問合せがありました。
　厚生労働省としては、がん対策におきまして、琉球大学病院を都道府県がん診療連携拠点病院として指定しておりまして、その役割を果たせるように支援をしております。
　このほか、この拠点に特化した支援ではないものの、例えば、創薬開発として、ＡＭＥＤによるアカデミアも含めた研究開発の支援であったり、医師派遣機能の強化といたしまして、各都道府県に対する、医師派遣事務等を行う地域医療支援センターの運営等の取組への支援、また、感染症対策として、感染症指定医療機関に対する医療施設運営費補助金による支援など、各種支援を行っておりまして、こう",2,2025-05-30,217
第23号_2025-05-30,本田太郎,防衛副大臣・内閣府副大臣,防衛省/内閣府,副大臣,4,"POSITIVE,EXPLAIN","隊員間輸血は、事態対処時を想定した輸血でありまして、その供血者となるためには、血液型や必要な事前の検査の実施とともに、その結果を踏まえた、個人情報を含む確実な管理が必要となってまいります。そのため、まずは自衛隊員を対象として、隊員間輸血が可能となる体制の整備に取り組んでいるところであります。
　いずれにいたしましても、事態対処時において、特に前線における隊員の救命の観点で有用な全血液を十分に確保できるよう、防衛省・自衛隊として必要な体制整備に努めてまいります。",福岡資麿,厚生労働大臣,4,"POSITIVE,EXPLAIN","今防衛省から御発言がありましたように、有事の際の自衛隊員に対する輸血は、防衛省の検討会の提言書に基づき、自衛隊において自律的に血液製剤を確保、備蓄して行われることとなっているものと承知しています。
　これを踏まえながら、厚生労働省では現在、有事における防衛省の輸血医療体制の構築に対して、日本赤十字社などとも連携をしながら協力をしているところです。
　今御指摘のあった点でいきますと、引き続き、有事におけます自衛隊員に対する輸血医療体制の構築については、防衛省としっかり連携を図ってまいりたいと思います。",2,2025-05-30,217
第17号_2025-05-16,古川直季,総務大臣政務官,総務省,大臣政務官,4,"POSITIVE,EXPLAIN","お答えいたします。
　総務省では、先月末、自治体の首長宛てに、カスタマーハラスメントを含む各種ハラスメント対策の積極的な取組について要請をする通知を発出したところであります。
　自治体におけるカスタマーハラスメント対策においては、効果的、積極的な取組と同時に、正当なクレームや行政サービスの利用者の権利等に留意する必要があると考えています。
　その点を踏まえ、通知においては、組織的な対応が重要だが、その上で、部門によっては当該部門の特性に応じた対応も必要であることについて盛り込む一方、留意点として、社会通念上相当な範囲で行われたクレームは、いわば正当なクレームであり、カスタマーハラスメントに該当",福岡資麿,厚生労働大臣,5,"EXPLAIN,CONSIDER,POSITIVE","本法案では、顧客等の言動であって、社会通念上許容される範囲を超えたものにより労働者の就業環境が害されることをカスタマーハラスメントとした上で、その防止のため、雇用管理上必要な措置を事業主に義務づけることとしております。
　具体的な措置の内容につきましては、仮に法案が成立した場合、指針等でお示しすることを予定をしておりますが、労働政策審議会の建議においては、障害者差別解消法に基づく合理的配慮の提供義務を遵守する必要があることは当然のことであることを指針等で示すことが適当であるとされておりまして、これを踏まえて検討をしていく予定でございます。
　そして、その指針の検討に当たりましては、何らかの形で",2,2025-05-16,217
第17号_2025-05-16,辻清人,内閣府副大臣,内閣府,副大臣,4,"CONSIDER,POSITIVE","先ほどから議論になっている公共工事に関する調達を始め、加点評価等では更なる実施余地があると考えているんですね。
　政府としては、現在、国の機関における実施状況や競争参加者の特性等を踏まえつつ、各機関における実施を促進しているところで、委員が今御提案のそういった試行的な取組については、いろいろ御提案も参考に、どのようなインセンティブの強化が可能か、関係府省の御意見も聞きながら研究させていただきたいと思います。",福岡資麿,厚生労働大臣,2,"EXPLAIN,POSITIVE,DEFER","今日、別の委員とのやり取りの中でも具体的な事例等について御紹介がありましたが、性的マイノリティーの当事者であります労働者が職場において様々な困難を抱えておられるということは承知をしております。
　本法案はカスタマーハラスメントの対策の強化等を図るものでありますが、厚生労働省においては、これまでも順次、職場におけるハラスメント対策を強化する中で、性的指向、性自認に関しても必要な対応を図ってきたところです。
　具体的には、指針において、性的指向、性自認にかかわらず、性的な言動であればセクシュアルハラスメントに該当する旨をお示しするとともに、労働者に対する性的指向、性自認に関する侮辱的な行動であった",4,2025-05-16,217
第16号_2025-05-14,辻清人,内閣府副大臣,内閣府,副大臣,3,EXPLAIN,"早稲田委員にお答えさせていただきます。
　我々内閣府として、第五次の男女共同参画基本計画に基づいて、婚姻によって旧姓を使えなくなることによる不便を軽減するべく、旧姓の通称使用の拡大に向けて取組を進めてきております。その結果、現在では、住民票、マイナンバーカード、運転免許証、パスポート、不動産登記等において旧姓の併記が可能となっています。
　また、各省庁の所管する各種国家資格等において旧姓をどのように使用できるのか、内閣府が令和六年に調査したところ、調査対象となった三百二十の国家資格、免許等の全てにおいて旧姓使用が可能であることを確認できています。
　それで、あとは、例えば弁護士の資格証や裁判の",福岡資麿,厚生労働大臣,4,"EXPLAIN,CONSIDER","男女雇用機会均等法では、労働者の募集であったり採用等に際しまして、性別以外の事由を要件とする措置のうち、厚生労働省令で定めるものであって、他の性の労働者と比較して、一方の性の労働者に相当程度の不利益を与えるものを合理的な理由がないときに講ずることを間接差別として禁止しています。
　間接差別は、性別要件のような直接差別とは異なりまして、どのような要件でも間接差別に該当し得る広がりのある概念でありますため、行政指導を行う上では、対象となる間接差別の範囲を明確化する必要があるところから、このように省令で列挙しているところでございます。
　この更なる対象の追加につきましては、間接差別として違法となる範",2,2025-05-14,217
第16号_2025-05-14,辻清人,内閣府副大臣,内閣府,副大臣,4,"POSITIVE,CONSIDER","ありがとうございます。
　国会での議論、御党が提出された法案等を含めて、そういった動きにも我々はつぶさに確認をさせていただいておりますが、そういった婚姻による不便さ、改姓した人の不便さや不都合を解消すべく、運用面での対応などを今検討しておりまして、今後もそういった旧姓の通称使用の拡大やその周知に取り組んでまいりまして、その上での、今後のことについては、多少委員に先回りさせていただいて申し訳ないんですが、個人の見解をここで述べさせていただくこと、私も、委員御指摘のとおり、個人としては様々な選挙等で、そういった経歴に偽りはございません。
　一方で、今後、この委員会を含めて、国民の様々な意見があるも",福岡資麿,厚生労働大臣,4,"EXPLAIN,CONSIDER","男女雇用機会均等法では、労働者の募集であったり採用等に際しまして、性別以外の事由を要件とする措置のうち、厚生労働省令で定めるものであって、他の性の労働者と比較して、一方の性の労働者に相当程度の不利益を与えるものを合理的な理由がないときに講ずることを間接差別として禁止しています。
　間接差別は、性別要件のような直接差別とは異なりまして、どのような要件でも間接差別に該当し得る広がりのある概念でありますため、行政指導を行う上では、対象となる間接差別の範囲を明確化する必要があるところから、このように省令で列挙しているところでございます。
　この更なる対象の追加につきましては、間接差別として違法となる範",4,2025-05-14,217
第16号_2025-05-14,古川直季,総務大臣政務官,総務省,大臣政務官,4,"EXPLAIN,POSITIVE","お答えいたします。
　総務省ではこれまで、自治体に対し、厚生労働省が公表している民間企業向けのカスタマーハラスメント対策マニュアルなどを度々紹介してきたほか、先月末には、自治体におけるカスタマーハラスメントを含む各種ハラスメント対策の取組事例集を取りまとめ、助言、情報提供を行ったところです。
　今回の法案では、カスタマーハラスメントを防止するため、自治体を含む事業主が講ずべき雇用管理上必要な措置等について国が指針を定めることとされております。本法案が成立した際には、総務省としては、指針の内容も踏まえ、自治体におけるカスタマーハラスメント対策の取組を一層支援してまいります。",福岡資麿,厚生労働大臣,4,"EXPLAIN,CONSIDER","男女雇用機会均等法では、労働者の募集であったり採用等に際しまして、性別以外の事由を要件とする措置のうち、厚生労働省令で定めるものであって、他の性の労働者と比較して、一方の性の労働者に相当程度の不利益を与えるものを合理的な理由がないときに講ずることを間接差別として禁止しています。
　間接差別は、性別要件のような直接差別とは異なりまして、どのような要件でも間接差別に該当し得る広がりのある概念でありますため、行政指導を行う上では、対象となる間接差別の範囲を明確化する必要があるところから、このように省令で列挙しているところでございます。
　この更なる対象の追加につきましては、間接差別として違法となる範",22,2025-05-14,217
第16号_2025-05-14,古川直季,総務大臣政務官,総務省,大臣政務官,4,"EXPLAIN,POSITIVE","草間委員の質問にお答えさせていただきます。
　お尋ねのカスタマーハラスメントの状況について、神奈川県庁においては、県の調査結果によれば、令和五年度において、二十所属が一年間で百回以上のカスタマーハラスメントを受けており、最も多い所属では一年間で約千三十回のカスタマーハラスメントを受けたことがあるとされているものと承知しております。
　また、横浜市においては、市の調査結果によれば、令和六年度において、全七百七十課のうち約七割に当たる五百五十三課でカスタマーハラスメントを受けたことがあるとされているものと承知しております。
　総務省では、今般、自治体におけるカスタマーハラスメントを含む各種ハラスメ",福岡資麿,厚生労働大臣,4,"EXPLAIN,CONSIDER","男女雇用機会均等法では、労働者の募集であったり採用等に際しまして、性別以外の事由を要件とする措置のうち、厚生労働省令で定めるものであって、他の性の労働者と比較して、一方の性の労働者に相当程度の不利益を与えるものを合理的な理由がないときに講ずることを間接差別として禁止しています。
　間接差別は、性別要件のような直接差別とは異なりまして、どのような要件でも間接差別に該当し得る広がりのある概念でありますため、行政指導を行う上では、対象となる間接差別の範囲を明確化する必要があるところから、このように省令で列挙しているところでございます。
　この更なる対象の追加につきましては、間接差別として違法となる範",20,2025-05-14,217
第16号_2025-05-14,野中厚,文部科学副大臣,文部科学省,副大臣,3,EXPLAIN,令和六年七月現在になりますけれども、文部科学省における本省課室長級の女性の占める割合でございますが、一二・八％でございます。,福岡資麿,厚生労働大臣,3,"EXPLAIN,CONSIDER","御指摘いただきましたような試算は厚生労働省として行っておりませんが、委員が実際自分で行っていただいた試算については、基礎年金の底上げの効果について、一つの試算であると受け止めさせていただいています。
　基礎年金のマクロ経済スライドの早期終了につきましては、将来の基礎年金水準を確保する観点から検討していたものでございまして、一般的に申し上げますと、マクロ経済スライドによる給付調整が終了した以降に受給する期間が長い方が改善効果が高くなりますことから、将来年金を受給する世代の方が底上げになり得るものと考えております。",18,2025-05-14,217
第16号_2025-05-14,野中厚,文部科学副大臣,文部科学省,副大臣,4,"POSITIVE,EXPLAIN","アンコンシャスバイアスの解消は極めて重要であるというふうに思っております。
　まず、現状の数値について申し上げますが、我が国において、各分野における学部段階の大学生に占める女性の割合でございますが、理学分野で二八・三、工学分野で一六・七％であります。過去十五年程度の傾向から見ると、例えば工学分野では六％ほど増加をしております。
　ただ、他分野と比較して、女性の割合、理工系の学部を選ぶ割合というのは低くなっております。また、研究者に占める女性の割合も一八・五％と、以前より増えてはおりますが、諸外国と比較して低い状況にあるというふうに認識をしております。
　そのため、女性進出、理工系分野への進出を",福岡資麿,厚生労働大臣,3,"EXPLAIN,CONSIDER","御指摘いただきましたような試算は厚生労働省として行っておりませんが、委員が実際自分で行っていただいた試算については、基礎年金の底上げの効果について、一つの試算であると受け止めさせていただいています。
　基礎年金のマクロ経済スライドの早期終了につきましては、将来の基礎年金水準を確保する観点から検討していたものでございまして、一般的に申し上げますと、マクロ経済スライドによる給付調整が終了した以降に受給する期間が長い方が改善効果が高くなりますことから、将来年金を受給する世代の方が底上げになり得るものと考えております。",16,2025-05-14,217
第16号_2025-05-14,野中厚,文部科学副大臣,文部科学省,副大臣,5,"POSITIVE,COMMIT","この資料でもありますように、義務教育終了時の段階で、数学的、科学的リテラシーの数値というのは、スコアというのは世界トップレベルでありますが、一方で研究者に占める女性の割合が少ない。これは先ほども答弁させていただきました。そのような中で、多様な視点、そして優れた発想を取り入れた新しいイノベーションの創出に向けて、女性の活躍を進めていくということは本当に重要であるというふうに思っております。
　具体例でありますが、理工系分野における女子を含む大学入学者の多様性確保に向けた選抜の促進、そして、ここでありますが、意欲ある大学、高専におけるデジタルやグリーンなど成長分野への学部転換等に必要な経費支援の際",福岡資麿,厚生労働大臣,3,"EXPLAIN,CONSIDER","御指摘いただきましたような試算は厚生労働省として行っておりませんが、委員が実際自分で行っていただいた試算については、基礎年金の底上げの効果について、一つの試算であると受け止めさせていただいています。
　基礎年金のマクロ経済スライドの早期終了につきましては、将来の基礎年金水準を確保する観点から検討していたものでございまして、一般的に申し上げますと、マクロ経済スライドによる給付調整が終了した以降に受給する期間が長い方が改善効果が高くなりますことから、将来年金を受給する世代の方が底上げになり得るものと考えております。",12,2025-05-14,217
第16号_2025-05-14,冨樫博之,総務副大臣,総務省,副大臣,4,"EXPLAIN,POSITIVE","妊娠、出産等を理由とする不利益な取扱いは、地方公務員法第十三条や地方公務員育児法第九条により、妊娠、出産からの期間にかかわらず、制度上、禁止をされております。この取扱いについては、各自治体に対して、地方公務員両立支援パスポートに明記することなどを通じて周知を図ってきたところであります。
　総務省としては、育児休業の適正な運用がなされるよう、今後とも情報提供や助言をしっかりと行ってまいります。",福岡資麿,厚生労働大臣,4,"EXPLAIN,POSITIVE","我が国の法制においては、ハラスメントについて、刑法等に規定する犯罪に該当する行為は刑事責任が課されるほか、民事上も、不法行為であったり債務不履行を根拠として、損害賠償請求の対象にもなり得るところです。
　その上で、職場に係るハラスメントについては、その未然防止を図るために、事業主に雇用管理上の措置を義務づけ、各事業主において、ハラスメントを行ってはならない旨の方針の明確化であったり周知啓発のほか、行為者に対する懲戒処分等の措置を適正に行うこととしております。こうした義務の履行確保に関しましては、国が報告徴収であったり助言、指導又は勧告を行うことを通じて、法違反が認められる場合の速やかな是正を図",2,2025-05-14,217
第14号_2025-05-09,松本尚,外務大臣政務官,外務省,大臣政務官,4,"POSITIVE,EXPLAIN","外務省からお答えいたします。
　条約については、委員御承知おきのとおり、外務省が所掌として締結することでございます。
　今般のパンデミック条約については、一年ぐらいちょっと延びてしまったということもございますけれども、交渉妥結に至ったことというのは重要な一歩というふうに受け止めております。
　その上で、今般のコロナウイルス感染症のような世界的な健康危機に際しては、国際社会が一致して対応する必要があることは当然でございます。パンデミックの予防、備え、そして対応の強化のために、国際的な感染症対策の促進、これについては我が国にとっても極めて重要なことであるというふうに外務省としても認識をしており、ま",福岡資麿,厚生労働大臣,4,"EXPLAIN,POSITIVE","済みません、まずは、私の誕生日に対して祝意を示していただきまして、ありがとうございます。
　御指摘がありましたパンデミック条約につきましては、新型コロナウイルス感染症対応の教訓を踏まえまして、将来のパンデミックに対してよりよく予防し、備え、対応できるようにすることを目的としたものでございます。この観点から、病原体へのアクセス及び利益配分のほか、予防及びサーベイランスの強化、サプライチェーン及びロジスティクス、規制システムの強化などの規定が盛り込まれています。
　我が国の実利といたしましては、国際的な感染症対策が進むことで、我が国においても感染症の蔓延防止に資するということを期待をしております。",2,2025-05-09,217
第13号_2025-05-07,古川直季,総務大臣政務官,総務省,大臣政務官,4,"EXPLAIN,POSITIVE,DEFER","お答えいたします。
　ＰＦＯＳの血中濃度と健康影響の関係性については、どの程度の血中濃度でどのような健康影響が個人に生じるかについては明らかになっていないと承知しております。
　消防庁では、防護服や空気呼吸器の確実な着装など、消防隊員の安全管理上の留意事項を示した安全管理マニュアルを全国の消防本部に通知すること等を通じ、各消防本部において、労働安全衛生法等を踏まえ、適切な安全管理に努めていただいております。
　また、規制対象のＰＦＯＳを含有する泡消火薬剤を保有する消防本部に対し、非含有泡消火薬剤への切替えを要請しており、各消防本部において適切に対応を進めていただいているものと認識しております。",福岡資麿,厚生労働大臣,2,"EXPLAIN,DEFER","御指摘の調査研究は、京都大学の名誉教授の小泉昭夫先生らが工場の従業員らを対象に健康調査を行われたものであるというふうに承知をしています。
　この論文におきましては、ＰＦＯＡを取り扱う業務に関わっていたと見られる元及び現従業員五人の血清中のＰＦＯＡ濃度は、ＰＦＯＡの取扱いをやめた後十二年経過しても高い値を示していたこと、これら元従業員、現従業員五人のうち三人に間質性肺疾患の症状又はその兆候が見られたこと、一方で、肺でのＰＦＯＡ粒子の存在は確認されていないことなどから、ＰＦＯＡ暴露と間質性肺疾患の発症メカニズムの関係は明確ではなく、更なる研究が必要であることなどが報告されているというふうに承知をし",2,2025-05-07,217
第13号_2025-05-07,本田太郎,防衛副大臣・内閣府副大臣,防衛省/内閣府,副大臣,2,"EXPLAIN,DEFER","お答えいたします。
　御指摘のＰＦＡＳ血中濃度の測定につきましては、現時点でどの程度の血中濃度で健康影響が生じるか明らかになっておらず、血液検査のみをもって健康への影響を把握することは困難であるものと認識をしております。
　在日米軍基地に勤務する駐留軍等労働者に対しましては、一般の労働者と同様に、労働安全衛生法等の国内法令に従い、定期健康診断のほか、有害な業務に従事する者に対する特殊健康診断を実施しております。
　防衛省としましては、引き続き、関係省庁の検討状況を注視しつつ、必要に応じて適切な対応をしてまいります。",福岡資麿,厚生労働大臣,2,"EXPLAIN,DEFER","御指摘の調査研究は、京都大学の名誉教授の小泉昭夫先生らが工場の従業員らを対象に健康調査を行われたものであるというふうに承知をしています。
　この論文におきましては、ＰＦＯＡを取り扱う業務に関わっていたと見られる元及び現従業員五人の血清中のＰＦＯＡ濃度は、ＰＦＯＡの取扱いをやめた後十二年経過しても高い値を示していたこと、これら元従業員、現従業員五人のうち三人に間質性肺疾患の症状又はその兆候が見られたこと、一方で、肺でのＰＦＯＡ粒子の存在は確認されていないことなどから、ＰＦＯＡ暴露と間質性肺疾患の発症メカニズムの関係は明確ではなく、更なる研究が必要であることなどが報告されているというふうに承知をし",3,2025-05-07,217
第12号_2025-04-25,高見康裕,国土交通大臣政務官,国土交通省,大臣政務官,3,EXPLAIN,"お答えいたします。
　標準労務費制度ですけれども、適正な水準の労務費が、公共工事、民間工事を問わず、受発注者間、元請、下請間、下請同士の全ての段階で確保されて、技能労働者に適正な賃金が支払われることを目指す新たな仕組みでございます。
　ですので、委員御指摘のいわゆる重層下請のような状況においても適用される制度であります。",福岡資麿,厚生労働大臣,4,"EXPLAIN,POSITIVE","元方事業者等が現場で作業する個人事業者等に対して直接指示を行う場合でありましても、それが安全衛生関係法令で義務づけられている安全上の指示であるような場合には、直ちに労働基準法上の労働者性を肯定する方向に働く事情とはならず、偽装請負と判断されるものではないと考えられます。
　しかし、個人事業者等に対して、法令の遵守や労働災害防止に必要な範囲を超え、作業内容や作業の遂行方法について具体的な指示を行う場合は、労働者性や偽装請負への該当性が高まることとなります。
　御指摘ありましたように、この線引きが分かりにくいというような課題がありましたことから、安全上の指示と労働者性、偽装請負との関係についての基",2,2025-04-25,217
第12号_2025-04-25,高見康裕,国土交通大臣政務官,国土交通省,大臣政務官,4,"POSITIVE,CONSIDER","標準労務費制度は、適正な水準の労務費が、公共工事、民間工事を問わず、受発注者間、元請、下請間、下請同士の全ての段階で確保され、技能労働者に適正な賃金が支払われることをまさに目指すものであります。
　この標準労務費につきましては、今、国の中央建設業審議会に設けました労務費の基準に関するワーキンググループにおきまして、今委員おっしゃいました公共工事設計労務単価を基礎として計算された水準で作成する方向で今検討しているところであります。
　現場の技能者の方々の賃上げの実現、非常に、極めて大事だと思っております。その実現に向けまして、受注者、注文者の双方に標準労務費を踏まえた価格交渉を促すなど、制度の適",福岡資麿,厚生労働大臣,4,"EXPLAIN,POSITIVE","元方事業者等が現場で作業する個人事業者等に対して直接指示を行う場合でありましても、それが安全衛生関係法令で義務づけられている安全上の指示であるような場合には、直ちに労働基準法上の労働者性を肯定する方向に働く事情とはならず、偽装請負と判断されるものではないと考えられます。
　しかし、個人事業者等に対して、法令の遵守や労働災害防止に必要な範囲を超え、作業内容や作業の遂行方法について具体的な指示を行う場合は、労働者性や偽装請負への該当性が高まることとなります。
　御指摘ありましたように、この線引きが分かりにくいというような課題がありましたことから、安全上の指示と労働者性、偽装請負との関係についての基",4,2025-04-25,217
第10号_2025-04-16,金子容三,防衛大臣政務官,防衛省,大臣政務官,4,"POSITIVE,EXPLAIN","御指摘のとおり、戦傷医療においては、アドレナリン等の投与による救急救命行為や麻薬による疼痛管理は、自衛隊員の人命救助の観点で非常に重要であるというふうに認識しております。そのため、防衛省では、自衛隊員への投与のためのアドレナリン等や麻薬の確保に向けた体制を整備しているところでございます。
　また、厚労省では、国民の保護に関する基本指針に基づき、指定公共機関及び都道府県において、必要な応急救護用医薬品、医療資機材等の備蓄が行われるよう努めるものとされていると承知をしております。
　防衛省といたしましては、戦傷医療対処能力向上を図るため、厚労省と連携し、対応してまいります。",福岡資麿,厚生労働大臣,4,"POSITIVE,CONSIDER","経済安全保障推進法の特定重要物資に指定されましたベータラクタム系抗菌薬につきましては、二〇三〇年をめどに国産原薬を用いた抗菌薬の製造販売が開始される見込みでございますが、国産原薬を使用した製剤は、海外産原薬のみを用いた抗菌薬よりも高くなることが想定されます。
　国産原薬を用いることに伴うコスト増につきましては、委員御指摘のとおり、私たちも課題だというふうに認識をしておりまして、令和七年三月に開催されました中医協において、二〇三〇年目途の国産原薬を使用した製剤の供給開始に向けて、例えば薬価であったり時限的補助といった方法により、国産原薬を用いることに伴うコスト増に対し、どのような対応が可能かを検",2,2025-04-16,217
第10号_2025-04-16,冨樫博之,総務副大臣,総務省,副大臣,4,"POSITIVE,COMMIT","救急業務を取り巻く諸課題に対応するためには、消防関係者のみによる取組では成り立たず、医療側の協力も不可欠であると認識をしています。このため、総務省消防庁では、消防機関に加え、医療関係者等の有識者にも参画していただき、救急業務のあり方に関する検討会を毎年開催しており、増大する救急需要への対策等について検討を行ってきております。
　総務省消防庁としましては、この検討結果を踏まえ、シャープ七七一一九の……（福田（徹）委員「七一一九」と呼ぶ）もとい、シャープ七一一九の全国的な展開、病院救急車の搬送等、搬送事業者の活用、日勤救急隊の導入等の促進、救急ＤＸの推進といった、増大する救急需要に対する取組も進め",福岡資麿,厚生労働大臣,2,"EXPLAIN,POSITIVE","御指摘がございました、平成十七年十月に厚生労働省として公表いたしました医療制度構造改革試案におきましては、経済財政諮問会議等における議論を踏まえまして、外来受診一回ごとに一定額までを全額自己負担とするという、いわゆる保険免責制を導入した場合の医療費削減効果を機械的に試算してございます。
　この保険免責制につきましては、その後、社会保障審議会医療保険部会でも御議論をいただいたところでございますが、医療資源を真に必要な患者へ重点的に投入するために導入すべきとの意見もあった一方で、患者負担は将来にわたり三割を限度とするとの十四年健保法改正時の規定の趣旨に照らして問題があるといった反対の意見が多かった",2,2025-04-16,217
第10号_2025-04-16,冨樫博之,総務副大臣,総務省,副大臣,2,"EXPLAIN,DEFER,POSITIVE","先ほどは大変失礼いたしました。
　総務省消防庁では、救急業務の一部有料化について、平成二十七年度に救急業務のあり方に関する検討会で検討してまいりました。この検討において、経済状況により救急要請をちゅうちょするのではないか、有料、無料の線引きや判断が難しいのではないか、料金徴収に係る事務負担が増えるのではないかなど、導入の際に多くの課題があることや、各消防本部から懸念が示されたことを踏まえ、引き続き慎重な議論が必要と認識をしております。
　このため、総務省消防庁として、まず、救急車の適時適切な利用の呼びかけや、シャープ七一一九の全国的な展開などの取組を進めてまいります。
　以上です。",福岡資麿,厚生労働大臣,2,"EXPLAIN,POSITIVE","御指摘がございました、平成十七年十月に厚生労働省として公表いたしました医療制度構造改革試案におきましては、経済財政諮問会議等における議論を踏まえまして、外来受診一回ごとに一定額までを全額自己負担とするという、いわゆる保険免責制を導入した場合の医療費削減効果を機械的に試算してございます。
　この保険免責制につきましては、その後、社会保障審議会医療保険部会でも御議論をいただいたところでございますが、医療資源を真に必要な患者へ重点的に投入するために導入すべきとの意見もあった一方で、患者負担は将来にわたり三割を限度とするとの十四年健保法改正時の規定の趣旨に照らして問題があるといった反対の意見が多かった",4,2025-04-16,217
第5号_2025-03-26,本田太郎,防衛副大臣・内閣府副大臣,防衛省/内閣府,副大臣,3,EXPLAIN,"お答えいたします。
　決して迷惑ではございません。
　防衛省といたしましては、各国会議員の方々、そして政務三役の方々に御案内を申し上げているところでございます。",福岡資麿,厚生労働大臣,4,"EXPLAIN,CONSIDER","まず、自衛隊の方々におかれましては、硫黄島における遺骨収集に係る人員であったり、また物資等の輸送支援であったり、遺骨の収容支援、また海上自衛隊護衛艦による御遺骨の本邦送還などに携わっていただいておりまして、戦没者の遺骨収集事業の推進にも多大なる御協力をいただいております。厚生労働大臣といたしまして、防衛省の関係者の皆様方の御協力に心から感謝を申し上げるところでございます。
　その上で、御指摘の防衛大学校の卒業式への出席につきましては、その他の業務の状況等も勘案した上で適切に判断してまいりたいと思います。",2,2025-03-26,217
第5号_2025-03-26,本田太郎,防衛副大臣・内閣府副大臣,防衛省/内閣府,副大臣,3,"EXPLAIN,REFUSE,POSITIVE","お答えいたします。
　防衛省では、任務遂行中に不幸にして職に殉じた自衛隊員を追悼するため、毎年、防衛大臣の主催によりまして、自衛隊の最高指揮官である内閣総理大臣の御臨席の下、自衛隊殉職隊員追悼式を執り行っております。
　この自衛隊殉職隊員追悼式は、防衛省内の慰霊碑地区において、御遺族の方々が参列し、殉職隊員の殉職年月日、階級及び氏名を刻印した銘板を慰霊碑に奉納するなど、慰霊碑地区は、顕彰された殉職隊員の御遺族の方々にも、追悼の意をささげる場と御理解をいただいておるところです。
　その上で、これまでも、公務上の事故等で御遺体が発見に至らない場合であっても、御遺族の意向を踏まえまして、他の殉職隊員",福岡資麿,厚生労働大臣,1,"POSITIVE,EXPLAIN,REFUSE","委員からも、冒頭、顕彰という言葉をいただきましたが、国家のため、任務の遂行中に不幸にしてその職に殉じた自衛官の方々に対しまして弔慰の意を表するということは、大変重要なことであるというふうに認識をしております。
　その上で申し上げますと、千鳥ケ淵戦没者墓苑は、昭和二十八年の閣議決定に基づき、太平洋戦争による海外戦没者の遺骨であって御遺族に引き渡すことができない御遺骨について、これをお納めするための施設として建立されたものでございます。
　こうした墓苑の建立目的を踏まえると、自衛官の方々が殉職され、仮に御遺骨の身元が特定できないような場合であっても、千鳥ケ淵戦没者墓苑に納骨する取扱いにはならないも",1,2025-03-26,217
第6号_2025-11-28,古川直季,内閣府大臣政務官・復興大臣政務官,内閣府/復興省,大臣政務官,5,"POSITIVE,COMMIT","お答えいたします。
　ギャンブル等依存症は、当事者や家族の日常生活や社会生活に支障を生じさせるものであり、多重債務、犯罪等の重大な社会問題を生じさせる場合もあると認識しております。
　近年、公営競技を始めとするギャンブルのオンライン化に伴い、医療、相談現場において、若年者からの相談が増加しているとの御指摘がございます。
　公営競技事業者においては、これまでも、インターネット投票サイトでの視覚的に訴えるための表示等により、券の購入は二十歳になってから等の注意喚起を行っているところです。
　本年三月に閣議決定したギャンブル等依存症対策推進基本計画においては、若年者への普及啓発の観点から、地域におい",上野賢一郎,厚生労働大臣,4,"POSITIVE,CONSIDER","ゲーム障害の対策の強化方法でよろしいですか。（市來委員「はい」と呼ぶ）
　ゲーム障害は、例えば、インターネットを使用したオンラインゲームなどに過度にのめり込むこと等によりまして、日常生活や社会生活が著しく悪影響を受けている状態を指すと考えております。
　ただ、その実態であったり、あるいは発症のメカニズムであったり、治療、予防に関する科学的知見、これはまだまだ十分ではございません。このため、先ほど御指摘をいただきましたような、今、全国調査を実施しているところでありますが、まずはその調査結果を十分踏まえて、その実態を把握した上で、どういった対応ができるのか、関係省庁とも連携をして取組を進めていきた",12,2025-11-28,219
第2号_2025-11-19,三反園訓,財務大臣政務官,財務省,大臣政務官,4,"CONSIDER,EXPLAIN","お答え申し上げます。
　ＯＴＣ類似薬を含む薬剤自己負担の見直しにつきましては、骨太の方針二〇二五におきまして、医療機関における必要な受診を確保しつつ検討されるべきものとされております。こうした前提の下で、厚生労働省において、見直しの内容について適切に検討が進められていくものと考えております。
　なお、委員の御指摘の資料は、医療機関を受診する際の費用とＯＴＣ医薬品を購入する際の費用を比較する観点からその事実関係を紹介するものでありまして、薬剤自己負担の見直しの財政効果等を試算したものではございません。",上野賢一郎,厚生労働大臣,2,"CONSIDER,REFUSE","ＯＴＣ類似薬を含む薬剤自己負担を見直した場合の財政影響につきましては、現在、見直しの内容につきまして検討を進めております。
　したがいまして、財政影響もその見直しの中身次第でありますので、現時点で確定的なことを申し上げることは困難であります。",2,2025-11-19,219
第2号_2025-11-19,三反園訓,財務大臣政務官,財務省,大臣政務官,4,"POSITIVE,CONSIDER","お答え申し上げます。
　先日開催されました財政制度等審議会におきましては、医療・介護分野におきまして、従事者の賃上げを行いつつ現役世代の保険料負担を抑制するためには給付と負担の改革に取り組んでいくことが重要であるという議論が行われたものと承知しております。このことは、医療・介護分野の従事者の賃金の伸びを抑え、全労働者の賃金の伸びの範囲内に収めることを意味するものではないと考えております。
　骨太の方針二〇二五におきましても、保険料負担の抑制努力も継続しつつ、現場で働く幅広い職種の方々の賃上げに確実につながる的確な対応を行うとされております。これに基づきまして、その具体化に向けて厚生労働省と議論",上野賢一郎,厚生労働大臣,4,"POSITIVE,DEFER",先ほどから答弁させていただいておりますとおり、現在、経済対策の策定、また補正予算の編成に取り組んでいるところでありまして、その具体的な水準につきまして確たることは申し上げられませんが、しっかりと現状を踏まえて対応させていただきたいと考えています。,2,2025-11-19,219
